[9.820840,-0.931593,3.190987,-0.238543,0.606425,-0.758515,0.000000,1.000000],[1.938585,4.025183,-2.202239,0.063099,0.203213,-0.977099,0.000000,1.000000],[1.821293,3.076378,-5.809223,0.591205,-0.805439,0.041765,0.000000,1.000000],[4.143122,-5.040382,0.766746,0.006537,0.918241,-0.395969,0.000000,1.000000],[-0.636239,-0.184134,4.222859,0.669636,0.141115,0.729160,0.000000,1.000000],
[9.518264,-0.313960,2.400900,-0.288856,0.589624,-0.754258,1.047501,1.000000],[2.016474,4.190035,-3.156978,0.080133,0.169602,-0.982249,0.971992,1.000000],[2.428460,2.242066,-5.709027,0.585667,-0.804769,0.096648,1.036710,1.000000],[4.142403,-4.069846,0.363448,-0.000684,0.923445,-0.383730,1.050994,1.000000],[0.073934,-0.039287,4.910129,0.711003,0.145016,0.688073,0.998833,1.000000],
[9.170584,0.282822,1.620250,-0.333561,0.572548,-0.748950,1.042326,1.000000],[2.112801,4.321754,-4.110041,0.099622,0.136224,-0.985656,0.966932,1.000000],[3.026202,1.390021,-5.541710,0.567027,-0.808263,0.158720,1.054168,1.000000],[4.129466,-3.049390,-0.033556,-0.011814,0.931890,-0.362547,1.095039,1.000000],[0.778667,0.113872,5.587255,0.712394,0.154824,0.684488,0.989245,1.000000],
[8.783753,0.858659,0.850142,-0.373216,0.555570,-0.743002,1.036482,1.000000],[2.229730,4.420879,-5.059552,0.121572,0.103061,-0.987218,0.961806,1.000000],[3.601402,0.555574,-5.320454,0.554486,-0.804397,0.213288,1.037358,1.000000],[4.114792,-2.036171,-0.405788,-0.013593,0.938574,-0.344810,1.079530,1.000000],[1.470226,0.278087,6.246535,0.713338,0.169386,0.680042,0.969469,1.000000],
[8.363100,1.413797,0.091260,-0.408377,0.538936,-0.736734,1.030062,1.000000],[2.369405,4.487886,-6.003553,0.146008,0.070045,-0.986801,0.956627,1.000000],[4.160274,-0.254006,-5.053167,0.548229,-0.794164,0.262198,1.019412,1.000000],[4.100451,-1.032469,-0.756778,-0.013486,0.943862,-0.330064,1.063399,1.000000],[2.148433,0.457826,6.887382,0.713722,0.189151,0.674405,0.950240,1.000000],
[7.913376,1.948741,-0.656056,-0.439536,0.522824,-0.730386,1.023180,1.000000],[2.534002,4.523198,-6.939987,0.172997,0.037114,-0.984223,0.951446,1.000000],[4.709184,-1.032886,-4.745721,0.548231,-0.777916,0.307065,1.001239,1.000000],[4.088244,-0.039620,-1.089691,-0.011657,0.948055,-0.317894,1.047248,1.000000],[2.813111,0.657918,7.508941,0.713360,0.214747,0.667084,0.931756,1.000000],
[7.438822,2.464192,-1.391726,-0.467115,0.507372,-0.724139,1.015924,1.000000],[2.725774,4.527194,-7.866655,0.202652,0.004223,-0.979242,0.946312,1.000000],[5.254439,-1.775673,-4.402364,0.554501,-0.755382,0.349180,0.983326,1.000000],[4.079820,0.941416,-1.407254,-0.008169,0.951365,-0.307958,1.031188,1.000000],[3.463912,0.883768,8.109890,0.711911,0.247058,0.657377,0.914161,1.000000],
[6.943245,2.961004,-2.115864,-0.491468,0.492692,-0.718132,1.008363,1.000000],[2.947095,4.500228,-8.781147,0.235127,-0.028649,-0.971542,0.941278,1.000000],[5.802321,-2.476773,-4.026052,0.567114,-0.725710,0.389521,0.966088,1.000000],[4.076779,1.909959,-1.711823,-0.002996,0.953942,-0.299977,1.015307,1.000000],[4.100175,1.141606,8.688236,0.708801,0.287232,0.644282,0.897661,1.000000],
[6.430083,3.440158,-2.828731,-0.512879,0.478890,-0.712474,1.000551,1.000000],[3.200490,4.442648,-9.680771,0.270606,-0.061490,-0.960724,0.936402,1.000000],[6.359151,-3.129804,-3.618783,0.586176,-0.687448,0.428733,0.949936,1.000000],[4.080754,2.865541,-2.005448,0.003977,0.955884,-0.293718,0.999684,1.000000],[4.720698,1.438738,9.241029,0.703093,0.336670,0.626349,0.882562,1.000000],
[5.902486,3.902761,-3.530703,-0.531565,0.466082,-0.707252,0.992535,1.000000],[3.488673,4.354846,-10.562473,0.309292,-0.094233,-0.946287,0.931750,1.000000],[6.931318,-3.727000,-3.181931,0.611722,-0.638481,0.467052,0.935338,1.000000],[4.093507,3.807857,-2.289925,0.012954,0.957246,-0.288984,0.984403,1.000000],[5.323391,1.783792,9.763920,0.693293,0.396924,0.601495,0.869319,1.000000],
[5.363375,4.350061,-4.222251,-0.547680,0.454408,-0.702538,0.984355,1.000000],[3.814558,4.237309,-11.422737,0.351396,-0.126739,-0.927609,0.927400,1.000000],[7.525206,-4.258554,-2.716670,0.643511,-0.575969,0.504136,0.922886,1.000000],[4.117005,4.736728,-2.566837,0.024236,0.958040,-0.285608,0.969554,1.000000],[5.904733,2.186850,10.250549,0.677068,0.469427,0.566760,0.858616,1.000000],
[4.815512,4.783473,-4.903923,-0.561306,0.444047,-0.698397,0.976052,1.000000],[4.181258,4.090702,-12.257474,0.397101,-0.158761,-0.903939,0.923444,1.000000],[8.146914,-4.711918,-2.224558,0.680680,-0.496367,0.538790,0.913365,1.000000],[4.153521,5.652072,-2.837589,0.038227,0.958229,-0.283437,0.955245,1.000000],[6.458962,2.659320,10.691693,0.650907,0.554886,0.518095,0.851472,1.000000],
[4.261563,5.204633,-5.576344,-0.572456,0.435230,-0.694887,0.967670,1.000000],[4.592058,3.915981,-13.061903,0.446525,-0.189915,-0.874384,0.919994,1.000000],[8.801637,-5.071129,-1.708388,0.721208,-0.395687,0.568586,0.907813,1.000000],[4.205725,6.553864,-3.103435,0.055442,0.957714,-0.282331,0.941610,1.000000],[6.976930,3.213196,11.074209,0.609844,0.652121,0.450366,0.849346,1.000000],
[3.704167,5.615450,-6.240220,-0.581065,0.428262,-0.692066,0.959266,1.000000],[5.050339,3.714539,-13.830419,0.499663,-0.219632,-0.837914,0.917179,1.000000],[9.492505,-5.316405,-1.173427,0.761247,-0.270263,0.589458,0.907548,1.000000],[4.276786,7.442099,-3.365506,0.076507,0.956313,-0.282157,0.928812,1.000000],[7.444700,3.859172,11.380004,0.547631,0.756263,0.358003,0.854168,1.000000],
[3.145998,6.018187,-6.896343,-0.586979,0.423524,-0.689988,0.950919,1.000000],[5.559435,3.488392,-14.556488,0.556299,-0.247116,-0.793388,0.915149,1.000000],[10.218764,-5.424530,-0.629034,0.794541,-0.118290,0.595576,0.914060,1.000000],[4.370462,8.316715,-3.624848,0.102149,0.953724,-0.282800,0.917053,1.000000],[7.842328,4.602974,11.585654,0.458030,0.856791,0.236890,0.868125,1.000000],
[2.589833,6.415532,-7.545609,-0.589948,0.421481,-0.688705,0.942735,1.000000],[6.122413,3.240395,-15.232554,0.615908,-0.271312,-0.739627,0.914063,1.000000],[10.973392,-5.370777,-0.090397,0.812565,0.057879,0.579990,0.928699,1.000000],[4.491181,9.177484,-3.882473,0.133160,0.949480,-0.284175,0.906569,1.000000],[8.143949,5.439777,11.663935,0.337785,0.937132,0.087667,0.892941,1.000000],
[2.038628,6.810663,-8.189033,-0.589617,0.422667,-0.688262,0.934852,1.000000],[6.741738,2.974485,-15.850029,0.677537,-0.290904,-0.675513,0.914083,1.000000],[11.740864,-5.133137,0.420409,0.806121,0.249608,0.536530,0.952056,1.000000],[4.644071,10.023831,-4.139428,0.170330,0.942889,-0.286266,0.897610,1.000000],[8.320838,6.348290,11.588639,0.190483,0.978336,-0.081083,0.928630,1.000000],
[1.495597,7.207271,-8.827743,-0.585520,0.427641,-0.688686,0.927433,1.000000],[7.418830,2.695884,-16.399381,0.739711,-0.304367,-0.600157,0.915347,1.000000],[12.496549,-4.698637,0.875304,0.768559,0.441902,0.462645,0.983249,1.000000],[4.834934,10.854559,-4.396909,0.214353,0.932970,-0.289170,0.890413,1.000000],[8.348271,7.288598,11.342533,0.028213,0.967029,-0.253099,0.972369,1.000000],
[0.964309,7.609535,-9.462965,-0.577082,0.436936,-0.689973,0.920646,1.000000],[8.153541,2.411253,-16.870357,0.800382,-0.310072,-0.513074,0.917950,1.000000],[13.209331,-4.069674,1.243947,0.699091,0.616883,0.361562,1.019583,1.000000],[5.070126,11.667489,-4.656392,0.265707,0.918403,-0.293148,0.885156,1.000000],[8.213964,8.208002,10.924960,-0.131844,0.902544,-0.409916,1.018680,1.000000],
[0.448806,8.022029,-10.095950,-0.563613,0.450991,-0.692060,0.914639,1.000000],[8.943610,2.128722,-17.252369,0.856968,-0.306454,-0.414358,0.921936,1.000000],[13.847551,-3.266760,1.499651,0.603768,0.759571,0.241900,1.057063,1.000000],[5.356354,12.459020,-4.919779,0.324543,0.897487,-0.298645,0.881941,1.000000],[7.922965,9.053928,10.353858,-0.274182,0.797041,-0.538098,1.061334,1.000000],
[-0.046256,8.449594,-10.727880,-0.544309,0.470097,-0.694792,0.909524,1.000000],[9.784180,1.857775,-17.535032,0.906479,-0.292192,-0.304827,0.927291,1.000000],[14.385882,-2.325377,1.624855,0.493140,0.862356,0.114694,1.091640,1.000000],[5.700372,13.223689,-5.189533,0.390569,0.868138,-0.306256,0.880815,1.000000],[7.495701,9.786797,9.660475,-0.389967,0.668894,-0.632855,1.095642,1.000000],
[-0.515463,8.897180,-11.359728,-0.518241,0.494361,-0.697878,0.905384,1.000000],[10.667457,1.608990,-17.708843,0.945733,-0.266376,-0.186101,0.933961,1.000000],[14.809802,-1.288320,1.613529,0.378361,0.925603,-0.010109,1.120412,1.000000],[6.108577,13.953779,-5.468753,0.462906,0.827925,-0.316636,0.881831,1.000000],[6.961049,10.386063,8.880490,-0.477568,0.535283,-0.696707,1.119531,1.000000],
[-0.952486,9.369684,-11.992095,-0.484346,0.523669,-0.700842,0.902296,1.000000],[11.582578,1.393639,-17.765943,0.971620,-0.228647,-0.060625,0.941851,1.000000],[15.116129,-0.197480,1.469979,0.268215,0.955124,-0.125690,1.142092,1.000000],[6.586461,14.639029,-5.761153,0.539908,0.774189,-0.330350,0.885120,1.000000],[6.348994,10.848718,8.046574,-0.540126,0.408283,-0.735914,1.133171,1.000000],
[-1.349944,9.871763,-12.625022,-0.441442,0.557641,-0.702969,0.900362,1.000000],[12.515735,1.223164,-17.700913,0.981416,-0.179292,0.068393,0.950828,1.000000],[15.310546,0.911725,1.205548,0.168073,0.958903,-0.228599,1.156744,1.000000],[7.137868,15.266513,-6.070919,0.618918,0.704309,-0.347692,0.890921,1.000000],[5.685851,11.183876,7.184641,-0.582733,0.294518,-0.757417,1.137989,1.000000],
[-1.699287,10.407601,-13.257754,-0.388275,0.595555,-0.703248,0.899729,1.000000],[13.450594,1.108554,-17.511525,0.973091,-0.119297,0.197134,0.960710,1.000000],[15.404113,2.012506,0.835082,0.080301,0.944705,-0.317938,1.165212,1.000000],[7.764007,15.820787,-6.402417,0.696071,0.616179,-0.368522,0.899534,1.000000],[4.992388,11.407090,6.313238,-0.610546,0.196524,-0.767211,1.135808,1.000000],
[-1.990745,10.980592,-13.888471,-0.323629,0.636237,-0.700333,0.900595,1.000000],[14.369003,1.059685,-17.199322,0.945591,-0.050315,0.321443,0.971254,1.000000],[15.410196,3.086396,0.374241,0.005205,0.918946,-0.394350,1.168611,1.000000],[8.462262,16.284521,-6.759740,0.766301,0.508925,-0.392145,0.911201,1.000000],[4.283882,11.536131,5.444590,-0.627911,0.114363,-0.769837,1.128354,1.000000],
[-2.213398,11.592918,-14.513977,-0.246515,0.677949,-0.692543,0.903202,1.000000],[15.251973,1.084668,-16.769944,0.899014,0.025436,0.437180,0.982154,1.000000],[15.342368,4.121760,-0.162126,-0.058070,0.886427,-0.459211,1.168020,1.000000],[9.225010,16.639801,-7.146161,0.823772,0.383705,-0.417337,0.925921,1.000000],[3.571023,11.588469,4.586149,-0.638156,0.046853,-0.768480,1.117062,1.000000],
[-2.355424,12.244993,-15.129392,-0.156451,0.718299,-0.677916,0.907805,1.000000],[16.080822,1.189312,-16.233076,0.834641,0.105376,0.540620,0.993059,1.000000],[15.213228,5.112056,-0.760760,-0.110911,0.850509,-0.514133,1.164356,1.000000],[10.038886,16.870212,-7.563602,0.862833,0.244271,-0.442551,0.943261,1.000000],[2.861007,11.580026,3.742026,-0.643679,-0.007654,-0.765257,1.103058,1.000000],
[-2.404644,12.934836,-15.727903,-0.053814,0.754243,-0.654386,0.914615,1.000000],[16.838332,1.376789,-15.602015,0.754795,0.186804,0.628799,1.003597,1.000000],[15.033862,6.054275,-1.410246,-0.154846,0.813413,-0.560697,1.158352,1.000000],[10.885008,16.963432,-8.012302,0.879307,0.096875,-0.466299,0.962259,1.000000],[2.158522,11.524736,2.914102,-0.646143,-0.050856,-0.761520,1.087198,1.000000],
[-2.349389,13.657439,-16.300687,0.059816,0.782261,-0.620072,0.923737,1.000000],[17.509766,1.647533,-14.892873,0.662546,0.267161,0.699756,1.013415,1.000000],[14.813699,6.947726,-2.100972,-0.191350,0.776524,-0.600330,1.150578,1.000000],[11.740487,16.913672,-8.490867,0.871603,-0.050698,-0.487584,0.981501,1.000000],[1.466506,11.434534,2.102831,-0.646664,-0.084291,-0.758103,1.070132,1.000000],
[-2.179717,14.404327,-16.837117,0.181451,0.798736,-0.573669,0.935088,1.000000],[18.083576,1.999420,-14.123554,0.561337,0.344238,0.752596,1.022221,1.000000],[14.560575,7.793140,-2.824974,-0.221751,0.740630,-0.634266,1.141479,1.000000],[12.581047,16.723113,-8.996736,0.841083,-0.190677,-0.506183,0.999378,1.000000],[0.786721,11.319560,1.307771,-0.645966,-0.109254,-0.755507,1.052353,1.000000],
[-1.888805,15.163499,-17.325364,0.306758,0.800524,-0.514841,0.948345,1.000000],[18.551742,2.428143,-13.312671,0.454613,0.416312,0.787408,1.029812,1.000000],[14.280882,8.592042,-3.575715,-0.247207,0.706113,-0.663546,1.131408,1.000000],[13.383984,16.401749,-9.526944,0.791502,-0.316787,-0.522657,1.014447,1.000000],[0.120159,11.188446,0.527934,-0.644498,-0.126774,-0.754023,1.034235,1.000000],
[-1.474263,15.919936,-17.753377,0.430500,0.785556,-0.444490,0.962931,1.000000],[18.909734,2.927722,-12.478562,0.345523,0.482178,0.805058,1.036086,1.000000],[13.979762,9.346330,-4.347870,-0.268702,0.673083,-0.689027,1.120646,1.000000],[14.130543,15.965740,-10.078903,0.727835,-0.425074,-0.538116,1.025725,1.000000],[-0.532672,11.048619,-0.237996,-0.642509,-0.137616,-0.753820,1.016066,1.000000],
[-0.938994,16.656709,-18.110127,0.547271,0.753294,-0.364749,0.978069,1.000000],[19.156186,3.491039,-11.638512,0.236738,0.541114,0.806939,1.041033,1.000000],[13.661288,10.057994,-5.137125,-0.287063,0.641474,-0.711411,1.109420,1.000000],[14.807099,15.434956,-10.650967,0.655057,-0.513918,-0.553886,1.032820,1.000000],[-1.171533,10.906597,-0.991536,-0.640099,-0.142297,-0.755000,0.998065,1.000000],
[-0.291305,17.356531,-18.386831,0.652332,0.704838,-0.278688,0.992883,1.000000],[19.292390,4.110338,-10.808244,0.130374,0.592793,0.794732,1.044714,1.000000],[13.328640,10.728936,-5.939993,-0.302982,0.611106,-0.731267,1.097914,1.000000],[15.405113,14.830542,-11.242678,0.577298,-0.583475,-0.571213,1.035886,1.000000],[-1.796302,10.768259,-1.734324,-0.637251,-0.141102,-0.757628,0.980412,1.000000],
[0.455817,18.003393,-18.577875,0.742269,0.642660,-0.189803,1.006538,1.000000],[19.321717,4.777616,-10.001654,0.028005,0.637179,0.770207,1.047239,1.000000],[12.984249,11.360857,-6.753669,-0.317038,0.581731,-0.749050,1.086277,1.000000],[15.920237,14.173096,-11.854732,0.497478,-0.634925,-0.591088,1.035470,1.000000],[-2.406854,10.639092,-2.468090,-0.633839,-0.134094,-0.761752,0.963261,1.000000],
[1.286078,18.583927,-18.681211,0.815302,0.570075,-0.101474,1.018348,1.000000],[19.249055,5.484927,-9.230742,-0.069285,0.674433,0.735078,1.048748,1.000000],[12.629918,11.955187,-7.575904,-0.329720,0.553051,-0.765127,1.074639,1.000000],[16.351064,13.481632,-12.488758,0.417331,-0.669803,-0.614165,1.032339,1.000000],[-3.002955,10.524422,-3.194633,-0.629624,-0.121118,-0.767401,0.946758,1.000000],
[2.181546,19.088223,-18.698215,0.871209,0.490634,-0.016544,1.027845,1.000000],[19.080306,6.224571,-8.505700,-0.160805,0.704827,0.690913,1.049398,1.000000],[12.266925,12.513045,-8.404906,-0.341443,0.524739,-0.779785,1.063116,1.000000],[16.697910,12.773249,-13.147030,0.337616,-0.689530,-0.640753,1.027341,1.000000],[-3.584154,10.429637,-3.915811,-0.624233,-0.101803,-0.774577,0.931061,1.000000],
[3.124224,19.510032,-18.633120,0.910980,0.407625,0.062906,1.034796,1.000000],[18.821983,6.989210,-7.835073,-0.246174,0.728676,0.639085,1.049354,1.000000],[11.896098,13.035220,-9.239259,-0.352558,0.496449,-0.793247,1.051819,1.000000],[16.982072,12.063288,-13.832141,0.276765,-0.691480,-0.667276,1.026727,1.000000],[-4.149657,10.360411,-4.633518,-0.617128,-0.075546,-0.783227,0.916345,1.000000],
[4.097311,19.846473,-18.492229,0.936379,0.323750,0.135576,1.039202,1.000000],[18.480939,7.771910,-7.225983,-0.325184,0.746302,0.580765,1.048771,1.000000],[11.517929,13.522160,-10.077844,-0.363331,0.467834,-0.805681,1.040840,1.000000],[17.202640,11.369417,-14.543135,0.216741,-0.681834,-0.698660,1.017655,1.000000],[-4.698124,10.322938,-5.349630,-0.607522,-0.041508,-0.793217,0.902794,1.000000],
[5.085918,20.097424,-18.283108,0.949508,0.241026,0.200850,1.041178,1.000000],[18.064146,8.566159,-6.684336,-0.397771,0.758000,0.516927,1.047821,1.000000],[11.132620,13.974003,-10.919736,-0.373997,0.438577,-0.817176,1.030246,1.000000],[17.360791,10.702838,-15.284213,0.156706,-0.660486,-0.734304,1.009225,1.000000],[-5.227475,10.324179,-6.065882,-0.594352,0.001393,-0.804204,0.890636,1.000000],
[6.077399,20.264804,-18.013901,0.952501,0.160800,0.258623,1.040924,1.000000],[17.578566,9.365827,-6.215040,-0.463933,0.764019,0.448375,1.046659,1.000000],[10.740129,14.390613,-11.764167,-0.384744,0.408387,-0.827763,1.020136,1.000000],[17.456967,10.074625,-16.058974,0.095976,-0.626912,-0.773156,1.002076,1.000000],[-5.734602,10.372096,-6.783719,-0.576145,0.054439,-0.815533,0.880206,1.000000],
[7.061363,20.351892,-17.692811,0.947316,0.083844,0.309131,1.038686,1.000000],[17.031084,10.165124,-5.822186,-0.523685,0.764555,0.375778,1.045441,1.000000],[10.340220,14.771620,-12.610454,-0.395717,0.377013,-0.837418,1.010591,1.000000],[17.490889,9.496204,-16.869988,0.034034,-0.580321,-0.813677,0.996727,1.000000],[-6.214980,10.475837,-7.503979,-0.550922,0.118976,-0.826032,0.871952,1.000000],
[8.029482,20.362739,-17.327750,0.935636,0.010483,0.352811,1.034719,1.000000],[16.428505,10.958549,-5.509185,-0.577009,0.759756,0.299719,1.044315,1.000000],[9.932518,15.116468,-13.457931,-0.407019,0.344271,-0.846057,1.001678,1.000000],[17.461711,8.979632,-17.718296,-0.029365,-0.519877,-0.853736,0.993642,1.000000],[-6.662169,10.645791,-8.226388,-0.516117,0.196149,-0.833756,0.866451,1.000000],
[8.975203,20.301721,-16.926140,0.918825,-0.059283,0.390188,1.029272,1.000000],[15.777592,11.740846,-5.278853,-0.623826,0.749742,0.220747,1.043422,1.000000],[9.516554,15.424505,-14.305873,-0.418712,0.310072,-0.853543,0.993438,1.000000],[17.368383,8.537645,-18.602820,-0.093967,-0.445014,-0.890580,0.993200,1.000000],[-7.067243,10.893371,-8.948792,-0.468600,0.286407,-0.835695,0.864436,1.000000],
[9.893417,20.173217,-16.494816,0.897938,-0.125666,0.421800,1.022580,1.000000],[15.085131,12.506975,-5.133442,-0.663988,0.734628,0.139431,1.042881,1.000000],[9.091817,15.695090,-15.153427,-0.430818,0.274459,-0.859690,0.985883,1.000000],[17.210119,8.183381,-19.519734,-0.158959,-0.355818,-0.920937,0.995631,1.000000],[-7.418245,11.230310,-9.666122,-0.404953,0.388728,-0.827589,0.866771,1.000000],
[10.780145,19.981397,-16.040002,0.873746,-0.189012,0.448154,1.014858,1.000000],[14.358016,13.252112,-5.074612,-0.697287,0.714569,0.056417,1.042778,1.000000],[8.657805,15.927728,-15.999543,-0.443332,0.237633,-0.864284,0.978978,1.000000],[16.987029,7.929726,-20.461952,-0.222880,-0.253416,-0.941331,1.000942,1.000000],[-7.699928,11.667175,-10.369171,-0.322166,0.499650,-0.804089,0.874343,1.000000],
[11.632256,19.730087,-15.567338,0.846767,-0.249734,0.469700,1.006310,1.000000],[13.603315,13.971675,-5.103339,-0.723480,0.689796,-0.027539,1.043154,1.000000],[8.214061,16.122227,-16.842916,-0.456229,0.199972,-0.867102,0.972634,1.000000],[16.700690,7.788274,-21.418931,-0.283823,-0.140210,-0.948570,1.008865,1.000000],[-7.894202,12.210945,-11.043552,-0.218822,0.612480,-0.759595,0.887816,1.000000],
[12.447213,19.422698,-15.081917,0.817299,-0.308272,0.486816,0.997134,1.000000],[12.828315,14.661401,-5.219797,-0.742347,0.660665,-0.111551,1.043988,1.000000],[7.760204,16.278862,-17.681953,-0.469492,0.162031,-0.867942,0.966698,1.000000],[16.354612,7.768047,-22.376969,-0.339682,-0.019853,-0.940331,1.018830,1.000000],[-7.981769,12.861806,-11.669499,-0.096519,0.717402,-0.689940,0.907247,1.000000],
[13.222857,19.062185,-14.588342,0.785441,-0.365067,0.499809,0.987528,1.000000],[12.040502,15.317438,-5.423210,-0.753755,0.627676,-0.194619,1.045184,1.000000],[7.295927,16.398513,-18.514764,-0.483139,0.124513,-0.866645,0.960960,1.000000],[15.954481,7.874262,-23.320085,-0.388485,0.103124,-0.915666,1.029978,1.000000],[-7.945170,13.610113,-12.223350,0.039282,0.803168,-0.594456,0.931694,1.000000],
[13.957207,18.651022,-14.090789,0.751104,-0.420544,0.508905,0.977693,1.000000],[11.247479,15.936464,-5.711736,-0.757729,0.591476,-0.275686,1.046578,1.000000],[6.820966,16.482763,-19.339186,-0.497251,0.088204,-0.863112,0.955174,1.000000],[15.507848,8.107474,-24.231419,-0.428900,0.223953,-0.875151,1.041344,1.000000],[-7.772664,14.435072,-12.681077,0.179866,0.860159,-0.477258,0.959078,1.000000],
[14.648261,18.191193,-13.593084,0.714019,-0.475110,0.514244,0.967837,1.000000],[10.456797,16.515801,-6.082413,-0.754500,0.552826,-0.353714,1.047956,1.000000],[6.335027,16.533904,-20.152836,-0.512003,0.053884,-0.857292,0.949094,1.000000],[15.023670,8.463360,-25.094772,-0.460296,0.338332,-0.820768,1.051885,1.000000],[-7.461456,15.306530,-13.023044,0.315460,0.883362,-0.346638,0.986524,1.000000],
[15.293802,17.684192,-13.098801,0.673723,-0.529135,0.515862,0.958169,1.000000],[9.675734,17.053490,-6.531196,-0.744520,0.512533,-0.427785,1.049083,1.000000],[5.837678,16.554869,-20.953180,-0.527679,0.022243,-0.849152,0.942521,1.000000],[14.511388,8.933230,-25.896041,-0.482932,0.442950,-0.755362,1.060775,1.000000],[-7.018675,16.189723,-13.238095,0.437918,0.873493,-0.212690,1.011104,1.000000],
[15.891187,17.131047,-12.611386,0.629555,-0.582933,0.513663,0.948901,1.000000],[8.911057,17.548320,-7.053104,-0.728437,0.471378,-0.497174,1.049750,1.000000],[5.328222,16.549078,-21.737580,-0.544674,-0.006192,-0.838625,0.935342,1.000000],[13.980182,9.505067,-26.624109,-0.497681,0.535748,-0.682120,1.067361,1.000000],[-6.459632,17.051106,-13.325219,0.542453,0.835822,-0.084539,1.030583,1.000000],
[16.437132,16.532373,-12.134311,0.580639,-0.636719,0.507392,0.940248,1.000000],[8.168811,17.999784,-7.642449,-0.707037,0.430048,-0.561389,1.049799,1.000000],[4.805567,16.520246,-22.503309,-0.563481,-0.031083,-0.825544,0.927545,1.000000],[13.438280,10.164832,-27.271205,-0.505837,0.615856,-0.604029,1.071298,1.000000],[-5.804334,17.862920,-13.292422,0.627796,0.777743,0.031421,1.043807,1.000000],
[16.927491,15.888490,-11.671264,0.525886,-0.690533,0.496596,0.932443,1.000000],[7.454177,18.407994,-8.293101,-0.681164,0.389092,-0.620179,1.049136,1.000000],[4.268121,16.472199,-23.247488,-0.584679,-0.052270,-0.809579,0.919216,1.000000],[12.892430,10.897718,-27.832709,-0.508927,0.683313,-0.523523,1.072549,1.000000],[-5.073854,18.605252,-13.153866,0.695268,0.706549,0.131877,1.050646,1.000000],
[17.357039,15.199615,-11.226352,0.464002,-0.744129,0.480598,0.925746,1.000000],[6.771407,18.773550,-8.998746,-0.651665,0.348902,-0.673498,1.047731,1.000000],[3.713698,16.408709,-23.966954,-0.608908,-0.069730,-0.790170,0.910520,1.000000],[12.347790,11.689109,-28.306594,-0.508433,0.738779,-0.442381,1.071214,1.000000],[-4.287674,19.265823,-12.926713,0.747547,0.628110,0.215991,1.051680,1.000000],
[17.719275,14.466164,-10.804341,0.393535,-0.796826,0.458475,0.920467,1.000000],[6.123833,19.097391,-9.753107,-0.619331,0.309716,-0.721460,1.045604,1.000000],[3.139457,16.333387,-24.658049,-0.636852,-0.083535,-0.766448,0.901687,1.000000],[11.807939,12.525237,-28.692748,-0.505691,0.783221,-0.361719,1.067550,1.000000],[-3.462304,19.838439,-12.628630,0.787684,0.546471,0.284472,1.047844,1.000000],
[18.006274,13.689198,-10.410897,0.312984,-0.847314,0.429068,0.916975,1.000000],[5.513920,19.380654,-10.550111,-0.584876,0.271636,-0.764287,1.042807,1.000000],[2.541868,16.249626,-25.316323,-0.669192,-0.093797,-0.737146,0.893002,1.000000],[11.275104,13.393510,-28.992287,-0.501797,0.817695,-0.282090,1.061854,1.000000],[-2.610925,20.321062,-12.276264,0.818508,0.463989,0.338761,1.040160,1.000000],
[18.208648,12.871060,-10.052812,0.221002,-0.893444,0.391045,0.915713,1.000000],[4.943357,19.624552,-11.383988,-0.548928,0.234649,-0.802258,1.039413,1.000000],[1.916710,16.160589,-25.936136,-0.706531,-0.100627,-0.700491,0.884827,1.000000],[10.750258,14.282607,-29.206969,-0.497703,0.843117,-0.203580,1.054535,1.000000],[-1.743643,20.714045,-11.884553,0.842358,0.381690,0.380454,1.029588,1.000000],
[18.315714,12.016211,-9.738168,0.116733,-0.932034,0.343054,0.917186,1.000000],[4.413146,19.830261,-12.249335,-0.512033,0.198657,-0.835678,1.035502,1.000000],[1.259162,16.069233,-26.510160,-0.749239,-0.104094,-0.654069,0.877621,1.000000],[10.233468,15.182336,-29.338707,-0.494103,0.860231,-0.125955,1.045916,1.000000],[-0.868027,21.018758,-11.466620,0.861008,0.299629,0.410960,1.016967,1.000000],
[18.315997,11.132248,-9.476338,0.000307,-0.958823,0.284003,0.921924,1.000000],[3.923689,19.998849,-13.141126,-0.474669,0.163494,-0.864846,1.031155,1.000000],[0.564038,15.978380,-27.028750,-0.797159,-0.104189,-0.594712,0.872001,1.000000],[9.723972,16.083457,-29.389232,-0.491594,0.869459,-0.048750,1.036416,1.000000],[0.010285,21.236598,-11.034012,0.875673,0.217186,0.431308,1.003013,1.000000],
[18.198220,10.230962,-9.277710,-0.126588,-0.968710,0.213487,0.930399,1.000000],[3.474860,20.131213,-14.054700,-0.437267,0.128954,-0.890038,1.026443,1.000000],[-0.173685,15.890807,-27.479198,-0.849132,-0.100798,-0.518473,0.868797,1.000000],[9.220460,16.977351,-29.359857,-0.490576,0.870928,0.028621,1.026369,1.000000],[0.886991,21.368323,-10.597116,0.887037,0.133277,0.442044,0.988354,1.000000],
[17.952863,9.329139,-9.152984,-0.260218,-0.956446,0.132281,0.942889,1.000000],[3.066058,20.228053,-14.985728,-0.400226,0.094808,-0.911499,1.021426,1.000000],[-0.957866,15.809374,-27.844981,-0.902271,-0.093696,-0.420866,0.869120,1.000000],[8.721157,17.855727,-29.251338,-0.491352,0.864389,0.106790,1.016181,1.000000],[1.758573,21.413607,-10.165664,0.895235,0.046513,0.443160,0.973579,1.000000],
[17.574198,8.448674,-9.111974,-0.394723,-0.917805,0.042749,0.959316,1.000000],[2.696253,20.289853,-15.930171,-0.363930,0.060818,-0.929439,1.016144,1.000000],[-1.789477,15.737144,-28.105248,-0.951091,-0.082606,-0.297661,0.874375,1.000000],[8.223930,18.710255,-29.063827,-0.494121,0.849189,0.186340,1.006287,1.000000],[2.621738,21.370770,-9.749305,0.899792,-0.044655,0.434027,0.959293,1.000000],
[17.062386,7.615496,-9.162027,-0.522736,-0.850961,-0.051121,0.979103,1.000000],[2.364013,20.316885,-16.884229,-0.328750,0.026749,-0.944038,1.010614,1.000000],[-2.664020,15.677458,-28.235117,-0.986907,-0.067355,-0.146555,0.886146,1.000000],[7.726439,19.532170,-28.796899,-0.498917,0.824271,0.267693,0.997141,1.000000],[3.472821,21.236656,-9.358210,0.899480,-0.141740,0.413334,0.946195,1.000000],
[16.424950,6.857138,-9.306400,-0.636712,-0.757497,-0.144209,1.001137,1.000000],[2.067546,20.309222,-17.844298,-0.295042,-0.007626,-0.955454,1.004830,1.000000],[-3.568363,15.633828,-28.207646,-0.998379,-0.048167,0.030328,0.905812,1.000000],[7.226397,20.311887,-28.449697,-0.505493,0.788216,0.350987,0.989217,1.000000],[4.307068,21.006713,-9.003731,0.892104,-0.245890,0.379063,0.935146,1.000000],
[15.676904,6.199307,-9.543169,-0.730584,-0.642475,-0.231242,1.023901,1.000000],[1.804744,20.266742,-18.806932,-0.263127,-0.042533,-0.963823,0.998767,1.000000],[-4.478143,15.609542,-27.998301,-0.974203,-0.026005,0.224168,0.933871,1.000000],[6.721771,21.038658,-28.021177,-0.513304,0.739270,0.435889,0.983093,1.000000],[5.117726,20.675384,-8.699058,0.874272,-0.357329,0.328580,0.927237,1.000000],
[14.839236,5.662419,-9.865116,-0.801023,-0.513402,-0.307864,1.045747,1.000000],[1.573255,20.189121,-19.768823,-0.233262,-0.078216,-0.969263,0.992394,1.000000],[-5.357879,15.606921,-27.591688,-0.907728,-0.002705,0.419551,0.969163,1.000000],[6.211151,21.700239,-27.510563,-0.521380,0.675522,0.521375,0.979362,1.000000],[5.894920,20.237051,-8.459780,0.841294,-0.474485,0.259013,0.923808,1.000000],
[13.936142,5.259184,-10.260721,-0.847806,-0.378548,-0.371385,1.065214,1.000000],[1.370582,20.075805,-20.726790,-0.205613,-0.114959,-0.971858,0.985707,1.000000],[-6.165707,15.626422,-26.988145,-0.800957,0.019335,0.598410,1.008578,1.000000],[5.694196,22.282743,-26.918006,-0.528254,0.595236,0.605509,0.978610,1.000000],[6.624439,19.687812,-8.304052,0.787525,-0.592910,0.168110,0.926344,1.000000],
[12.991894,4.993908,-10.715894,-0.873272,-0.245336,-0.420959,1.081276,1.000000],[1.194183,19.925952,-21.677776,-0.180229,-0.153107,-0.971636,0.978747,1.000000],[-6.862087,15.666079,-26.206349,-0.664661,0.037851,0.746186,1.047723,1.000000],[5.172135,22.770805,-26.245502,-0.531992,0.497346,0.685296,0.981332,1.000000],[7.286846,19.028308,-8.251925,0.707558,-0.704458,0.055680,0.936186,1.000000],
[12.028269,4.863403,-11.215890,-0.881282,-0.119353,-0.457270,1.093435,1.000000],[1.041577,19.738355,-22.618828,-0.157061,-0.193074,-0.968532,0.971628,1.000000],[-7.418561,15.721639,-25.279718,-0.514154,0.051334,0.856160,1.082310,1.000000],[4.648203,23.148250,-25.497969,-0.530395,0.382101,0.756756,0.987814,1.000000],[7.857747,18.267323,-8.323245,0.598430,-0.797680,-0.074759,0.953998,1.000000],
[11.063019,4.858894,-11.746872,-0.876172,-0.004093,-0.481981,1.101668,1.000000],[0.910415,19.511375,-23.547043,-0.135987,-0.235329,-0.962355,0.964524,1.000000],[-7.822215,15.787344,-24.248446,-0.363848,0.059226,0.929574,1.109404,1.000000],[4.127856,23.399409,-24.684260,-0.521400,0.251667,0.815356,0.997980,1.000000],[8.310238,17.424935,-8.533946,0.462120,-0.860314,-0.215184,0.979163,1.000000],
[10.109395,4.968176,-12.296906,-0.862002,0.098782,-0.497187,1.106290,1.000000],[0.798502,19.242897,-24.459449,-0.116862,-0.280352,-0.952757,0.957648,1.000000],[-8.074662,15.856922,-23.151408,-0.223829,0.061690,0.972674,1.127857,1.000000],[3.618572,23.511041,-23.817750,-0.503608,0.110388,0.856851,1.011272,1.000000],[8.619795,16.533140,-8.891575,0.306655,-0.883432,-0.354275,1.009467,1.000000],
[9.176443,5.177500,-12.856358,-0.842173,0.188957,-0.505016,1.107792,1.000000],[0.703798,18.930341,-25.352846,-0.099560,-0.328585,-0.939212,0.951219,1.000000],[-8.187601,15.924358,-22.021054,-0.099245,0.059259,0.993297,1.137983,1.000000],[3.129138,23.474513,-22.916055,-0.476747,-0.035581,0.878320,1.026612,1.000000],[8.770214,15.632316,-9.392093,0.144431,-0.864967,-0.480595,1.041455,1.000000],
[8.269690,5.472960,-13.417887,-0.819321,0.266971,-0.507385,1.106712,1.000000],[0.624384,18.570730,-26.223607,-0.083998,-0.380364,-0.921014,0.945437,1.000000],[-8.177786,15.984306,-20.881733,0.008603,0.052543,0.998582,1.140939,1.000000],[2.668499,23.287579,-21.999694,-0.441850,-0.179310,0.878986,1.042521,1.000000],[8.757808,14.764196,-10.019898,-0.011579,-0.810257,-0.585960,1.071413,1.000000],
[7.391957,5.841361,-13.976178,-0.795372,0.333832,-0.505905,1.103550,1.000000],[0.558428,18.160818,-27.067471,-0.070131,-0.435859,-0.897279,0.940470,1.000000],[-8.063120,16.032201,-19.750360,0.100745,0.042080,0.994022,1.138177,1.000000],[2.244524,22.955086,-21.089904,-0.400973,-0.314454,0.860430,1.057367,1.000000],[8.591780,13.964412,-10.751263,-0.151428,-0.729457,-0.667054,1.096410,1.000000],
[6.544112,6.270687,-14.527592,-0.771655,0.390746,-0.501862,1.098735,1.000000],[0.504160,17.697259,-27.879345,-0.057950,-0.495008,-0.866954,0.936468,1.000000],[-7.860297,16.064183,-18.638042,0.179313,0.028275,0.983386,1.131111,1.000000],[1.862803,22.488273,-20.206245,-0.356814,-0.436354,0.826001,1.069803,1.000000],[8.290995,13.257736,-11.559368,-0.269799,-0.633874,-0.724853,1.114853,1.000000],
[5.725699,6.750283,-15.069799,-0.749043,0.438944,-0.496249,1.092612,1.000000],[0.459852,17.176835,-28.653127,-0.047461,-0.557459,-0.828846,0.933564,1.000000],[-7.583697,16.076958,-17.551818,0.246753,0.011397,0.969011,1.120960,1.000000],[1.526318,21.902949,-19.364801,-0.311900,-0.542559,0.779967,1.078821,1.000000],[7.879212,12.657104,-12.418720,-0.365570,-0.533224,-0.762909,1.126414,1.000000],
[4.935414,7.270852,-15.601467,-0.728068,0.479586,-0.489811,1.085455,1.000000],[0.423807,16.596735,-29.381558,-0.038679,-0.622495,-0.781668,0.931895,1.000000],[-7.245092,16.067628,-16.496119,0.305403,-0.008415,0.952186,1.108712,1.000000],[1.215170,21.217162,-18.577247,-0.285546,-0.629359,0.722752,1.089659,1.000000],[7.380838,12.165416,-13.307785,-0.440407,-0.434498,-0.785655,1.131623,1.000000],
[4.171413,7.824366,-16.121991,-0.709046,0.513698,-0.483082,1.077507,1.000000],[0.394310,15.954909,-30.056139,-0.031663,-0.688954,-0.724113,0.931595,1.000000],[-6.853818,16.033530,-15.473848,0.357288,-0.031136,0.933475,1.095123,1.000000],[0.930892,20.452366,-17.854699,-0.260838,-0.701736,0.662971,1.089863,1.000000],[6.818114,11.778456,-14.209867,-0.497354,-0.342007,-0.797289,1.131437,1.000000],
[3.431575,8.403908,-16.631286,-0.692130,0.542170,-0.476453,1.068930,1.000000],[0.369626,15.250493,-30.667123,-0.026462,-0.755164,-0.655002,0.932799,1.000000],[-6.417069,15.972106,-14.487197,0.404119,-0.056835,0.912939,1.080742,1.000000],[0.671667,19.624658,-17.199346,-0.238456,-0.761391,0.602846,1.087100,1.000000],[6.209850,11.487733,-15.112879,-0.539760,-0.257982,-0.801314,1.126914,1.000000],
[2.713661,9.003517,-17.129622,-0.677377,0.565752,-0.470197,1.059845,1.000000],[0.347999,14.484301,-31.203649,-0.023116,-0.818917,-0.573447,0.935616,1.000000],[-5.940249,15.880779,-13.538121,0.447282,-0.085669,0.890281,1.066041,1.000000],[0.435026,18.748062,-16.611089,-0.218731,-0.810252,0.543735,1.081880,1.000000],[5.571188,11.282655,-16.008519,-0.570753,-0.183273,-0.800407,1.118981,1.000000],
[2.015403,9.618032,-17.617506,-0.664790,0.585061,-0.464498,1.050344,1.000000],[0.327659,13.659341,-31.654042,-0.021636,-0.877505,-0.479079,0.940121,1.000000],[-5.427309,15.756858,-12.628739,0.487864,-0.117864,0.864926,1.051399,1.000000],[0.218199,17.834359,-16.088411,-0.201749,-0.850164,0.486332,1.074737,1.000000],[4.913911,11.151954,-16.891391,-0.592995,-0.117918,-0.796526,1.108403,1.000000],
[1.334555,10.242953,-18.095589,-0.654346,0.600596,-0.459474,1.040502,1.000000],[0.306842,12.781283,-32.006341,-0.021997,-0.927859,-0.372281,0.946326,1.000000],[-4.881076,15.597457,-11.761629,0.526672,-0.153692,0.836059,1.037140,1.000000],[-0.001876,16.893210,-15.629050,-0.205650,-0.879461,0.429252,1.070143,1.000000],[4.246977,11.084531,-17.758219,-0.608638,-0.061530,-0.791059,1.095783,1.000000],
[0.668874,10.874319,-18.564609,-0.646038,0.612736,-0.455180,1.030404,1.000000],[0.283787,11.858810,-32.249060,-0.024163,-0.966802,-0.254383,0.954149,1.000000],[-4.303582,15.399462,-10.940086,0.564212,-0.193442,0.802649,1.023540,1.000000],[-0.225776,15.935714,-15.232096,-0.211142,-0.902936,0.374335,1.060426,1.000000],[3.577034,11.069875,-18.607241,-0.619395,-0.013550,-0.784962,1.081608,1.000000],
[0.016148,11.508588,-19.025329,-0.639863,0.621769,-0.451641,1.020104,1.000000],[0.256787,10.903696,-32.372138,-0.028026,-0.991410,-0.127756,0.963389,1.000000],[-3.696333,15.159527,-10.168401,0.600731,-0.237360,0.763402,1.010850,1.000000],[-0.454900,14.967964,-14.894597,-0.218169,-0.921481,0.321363,1.050211,1.000000],[2.908949,11.098257,-19.437776,-0.626562,0.026618,-0.778917,1.066270,1.000000],
[-0.625815,12.142547,-19.478513,-0.635826,0.627899,-0.448852,1.009651,1.000000],[0.224254,9.930526,-32.367969,-0.033411,-0.999433,0.004282,0.973723,1.000000],[-3.060578,14.874129,-9.452075,0.636150,-0.285575,0.716771,0.999380,1.000000],[-0.690723,13.994998,-14.613826,-0.226805,-0.935757,0.270034,1.039763,1.000000],[2.246245,11.160746,-20.249881,-0.631119,0.059511,-0.773399,1.050046,1.000000],
[-1.259196,12.773227,-19.924904,-0.633954,0.631250,-0.446795,0.999096,1.000000],[0.184788,8.955994,-32.232332,-0.040079,-0.989657,0.137742,0.984717,1.000000],[-2.397635,14.539700,-8.798084,0.670001,-0.337990,0.660955,0.989465,1.000000],[-0.934674,13.021094,-14.387369,-0.237026,-0.946259,0.220029,1.029216,1.000000],[1.591431,11.249148,-21.044134,-0.633793,0.085565,-0.768756,1.033167,1.000000],
[-1.886188,13.397823,-20.365224,-0.634291,0.631866,-0.445445,0.988494,1.000000],[0.137231,7.997856,-31.965040,-0.047755,-0.962122,0.268403,0.995859,1.000000],[-1.709288,14.152855,-8.215129,0.701335,-0.394143,0.593954,0.981481,1.000000],[-1.188239,12.049958,-14.213145,-0.248910,-0.953307,0.171025,1.018702,1.000000],[0.946268,11.355898,-21.821498,-0.635105,0.105086,-0.765244,1.015837,1.000000],
[-2.509017,14.013619,-20.800176,-0.636899,0.629708,-0.444778,0.977909,1.000000],[0.080703,7.073664,-31.570146,-0.056156,-0.918122,0.392300,1.006612,1.000000],[-0.998261,13.710774,-7.713839,0.728622,-0.453021,0.513695,0.975852,1.000000],[-1.452942,11.084928,-14.089433,-0.262525,-0.957093,0.122695,1.008294,1.000000],[0.311968,11.473920,-22.583232,-0.635412,0.118229,-0.763069,0.998251,1.000000],
[-3.129962,14.617904,-21.230466,-0.641862,0.624642,-0.444786,0.967410,1.000000],[0.014604,6.199519,-31.055659,-0.065028,-0.859987,0.506155,1.016462,1.000000],[-0.268792,13.211739,-7.306827,0.749675,-0.512858,0.418286,0.973047,1.000000],[-1.730318,10.129109,-14.014875,-0.277920,-0.957695,0.074704,0.998041,1.000000],[-0.310644,11.596474,-23.330846,-0.634925,0.124977,-0.762399,0.980607,1.000000],
[-3.751375,15.207877,-21.656825,-0.649280,0.616430,-0.445478,0.957081,1.000000],[-0.061420,5.389046,-30.432824,-0.074172,-0.790726,0.607660,1.024973,1.000000],[0.472721,12.655879,-7.008502,0.761651,-0.570956,0.306427,0.973560,1.000000],[-2.022055,9.185497,-13.988506,-0.295270,-0.955041,0.026689,0.988033,1.000000],[-0.920993,11.716970,-24.066068,-0.633722,0.125111,-0.763376,0.963119,1.000000],
[-4.375707,15.780539,-22.080040,-0.659261,0.604700,-0.446893,0.947018,1.000000],[-0.147544,4.652740,-29.715142,-0.083469,-0.713606,0.695556,1.031810,1.000000],[1.217079,12.046067,-6.834458,0.761203,-0.623612,0.177983,0.977870,1.000000],[-2.329936,8.257130,-14.009784,-0.314704,-0.948941,-0.021750,0.978319,1.000000],[-1.518641,11.828766,-24.790833,-0.631745,0.118175,-0.766115,0.946026,1.000000],
[-5.005520,16.332563,-22.500993,-0.671919,0.588930,-0.449095,0.937335,1.000000],[-0.243847,3.997736,-28.917295,-0.092889,-0.631781,0.769561,1.036757,1.000000],[1.951802,11.388877,-6.800285,0.744891,-0.666286,0.034646,0.986349,1.000000],[-2.655905,7.347204,-14.078643,-0.336397,-0.939035,-0.071061,0.969001,1.000000],[-2.103154,11.924924,-25.507257,-0.628776,0.103440,-0.770676,0.929605,1.000000],
[-5.643497,16.860150,-22.920687,-0.687347,0.568414,-0.452172,0.928173,1.000000],[-0.350411,3.427960,-28.054170,-0.102494,-0.548017,0.830164,1.039704,1.000000],[2.661061,10.695354,-6.919725,0.709867,-0.694117,-0.119542,0.999144,1.000000],[-3.002106,6.459238,-14.195537,-0.360548,-0.924762,-0.121738,0.960210,1.000000],[-2.673963,11.997941,-26.217592,-0.624393,0.079870,-0.777016,0.914183,1.000000],
[-6.292427,17.358844,-23.340267,-0.705586,0.542234,-0.456213,0.919703,1.000000],[-0.467419,2.944545,-27.140080,-0.112438,-0.464535,0.878388,1.040645,1.000000],[3.326300,9.981259,-7.202317,0.654738,-0.702823,-0.278131,1.016038,1.000000],[-3.370920,5.597275,-14.361489,-0.387358,-0.905303,-0.174297,0.952126,1.000000],[-3.230171,12.039446,-26.924129,-0.617900,0.046109,-0.784904,0.900158,1.000000],
[-6.955159,17.823332,-23.761015,-0.726572,0.509232,-0.461277,0.912135,1.000000],[-0.595251,2.546407,-26.188227,-0.122957,-0.382952,0.915548,1.039652,1.000000],[3.927706,9.266394,-7.650990,0.580310,-0.689789,-0.432934,1.036354,1.000000],[-3.764917,4.766131,-14.578104,-0.416945,-0.879551,-0.229231,0.944964,1.000000],[-3.770278,12.039905,-27.629007,-0.608220,0.000517,-0.793769,0.888013,1.000000],
[-7.634495,18.247215,-24.184296,-0.750045,0.468003,-0.467339,0.905727,1.000000],[-0.734572,2.230875,-25.210411,-0.134367,-0.304313,0.943048,1.036868,1.000000],[4.446423,8.572855,-8.260361,0.489836,-0.654924,-0.575443,1.058960,1.000000],[-4.186783,3.971673,-14.847529,-0.449271,-0.846067,-0.286927,0.939002,1.000000],[-4.291806,11.988356,-28.333867,-0.593767,-0.058689,-0.802494,0.878338,1.000000],
[-8.332997,18.622767,-24.611466,-0.775435,0.416916,-0.474217,0.900788,1.000000],[-0.886395,1.994276,-24.216932,-0.147046,-0.229155,0.962219,1.032487,1.000000],[4.866992,7.922445,-9.016467,0.388550,-0.600892,-0.698540,1.082408,1.000000],[-4.639268,3.221134,-15.172319,-0.484131,-0.803030,-0.347506,0.934633,1.000000],[-4.790782,11.872291,-29.039309,-0.572328,-0.133128,-0.809146,0.871835,1.000000],
[-9.052667,18.940721,-25.043681,-0.801700,0.354195,-0.481481,0.897680,1.000000],[-1.052143,1.832444,-23.216657,-0.161429,-0.157616,0.974217,1.026748,1.000000],[5.179307,7.333888,-9.898222,0.282591,-0.532542,-0.797835,1.105184,1.000000],[-5.124850,2.523464,-15.555150,-0.520870,-0.748371,-0.410652,0.932252,1.000000],[-5.261101,11.677844,-29.744059,-0.541033,-0.223682,-0.810710,0.869300,1.000000],
