[0.311290,0.729262,0.880368,0.434534,0.680518,-0.589979,0.055059,1.000000],[0.116458,0.754920,0.393555,0.456059,-0.858787,-0.233441,0.049395,1.000000],[0.813375,0.005181,0.919406,0.575090,0.767065,-0.284400,0.616050,1.000000],[0.104815,0.549356,0.109674,-0.435243,-0.216292,0.873946,0.871728,1.000000],[0.804183,0.651921,0.940298,0.623508,0.192555,0.757734,0.072160,1.000000],[0.728325,0.677672,0.231997,0.199123,0.830331,0.520482,0.913177,1.000000],[0.011624,0.426133,0.307511,-0.254385,-0.963698,-0.081085,0.202169,1.000000],[0.052846,0.992827,0.490902,0.387303,0.504216,0.771857,0.590914,1.000000],[0.283042,0.486553,0.572852,0.639620,0.698268,0.321417,0.463223,1.000000],[0.044157,0.989103,0.311483,0.961021,0.268686,0.065162,0.863629,1.000000],[0.243068,0.206606,0.461249,-0.004927,-0.831923,-0.554870,0.056016,1.000000],[0.331744,0.912971,0.966434,-0.145963,-0.728073,-0.669780,0.030797,1.000000],[0.734828,0.031654,0.276946,-0.647288,-0.679174,-0.346036,0.635521,1.000000],[0.248483,0.984756,0.027707,0.588421,0.561443,0.581844,0.013371,1.000000],[0.302039,0.089577,0.764374,-0.224636,0.115098,0.967621,0.648737,1.000000],[0.971579,0.822372,0.406426,0.430802,-0.902425,-0.006205,0.704348,1.000000],[0.722319,0.038458,0.087929,-0.310171,0.370203,-0.875639,0.268799,1.000000],[0.658838,0.841116,0.215092,-0.731064,-0.601667,0.321778,0.799294,1.000000],[0.336702,0.501857,0.537930,-0.607092,-0.486204,-0.628527,0.400484,1.000000],[0.117790,0.214438,0.334382,-0.937782,0.100266,-0.332434,0.465305,1.000000],
[0.342331,0.774729,0.879524,0.563770,0.825790,-0.015321,0.055059,1.000000],[0.162213,0.745607,0.409666,0.926320,-0.188543,0.326163,0.049395,1.000000],[1.175222,0.494488,1.015130,0.587367,0.794265,0.155384,0.616050,1.000000],[0.133863,0.809849,0.941064,0.033322,0.298824,0.953726,0.871728,1.000000],[0.845683,0.684091,0.989794,0.575114,0.445816,0.685924,0.072160,1.000000],[1.045339,1.371056,0.734604,0.347155,0.759309,0.550394,0.913177,1.000000],[0.087877,0.328294,0.467153,0.377177,-0.483943,0.789643,0.202169,1.000000],[0.313312,1.342381,0.889837,0.440784,0.591547,0.675116,0.590914,1.000000],[0.546418,0.806172,0.780341,0.568573,0.689990,0.447926,0.463223,1.000000],[0.725153,1.429666,0.608136,0.788528,0.510131,0.343497,0.863629,1.000000],[0.296045,0.188441,0.462363,0.945753,-0.324277,0.019888,0.056016,1.000000],[0.360748,0.907767,0.957482,0.941777,-0.169003,-0.290680,0.030797,1.000000],[0.357532,0.003585,0.787579,-0.593680,-0.044167,0.803488,0.635521,1.000000],[0.255683,0.992992,0.035395,0.538455,0.615991,0.574996,0.013371,1.000000],[0.399286,0.381167,1.335670,0.149902,0.449472,0.880627,0.648737,1.000000],[1.558987,0.671541,0.764627,0.833974,-0.214142,0.508557,0.704348,1.000000],[0.765286,0.292647,0.011805,0.159847,0.945646,-0.283202,0.268799,1.000000],[0.446074,0.897846,0.983457,-0.266189,0.070976,0.961304,0.799294,1.000000],[0.122273,0.820987,0.425840,-0.535423,0.796860,-0.279886,0.400484,1.000000],[-0.110798,0.602307,0.451915,-0.491263,0.833580,0.252595,0.465305,1.000000],
[0.371632,0.817843,0.897248,0.532176,0.783045,0.321913,0.055059,1.000000],[0.201312,0.758798,0.436816,0.791549,0.267059,0.549664,0.049395,1.000000],[1.502059,0.954293,1.262669,0.530536,0.746375,0.401817,0.616050,1.000000],[0.350577,1.245163,1.664560,0.248603,0.499368,0.829956,0.871728,1.000000],[0.882553,0.723914,1.037354,0.510944,0.551864,0.659077,0.072160,1.000000],[1.405239,2.016157,1.271455,0.394118,0.706436,0.587894,0.913177,1.000000],[0.188534,0.348666,0.641295,0.497883,0.100764,0.861370,0.202169,1.000000],[0.573319,1.709203,1.273265,0.440010,0.620770,0.648873,0.590914,1.000000],[0.781115,1.118214,1.029586,0.506662,0.673631,0.538066,0.463223,1.000000],[1.270165,1.944512,1.036798,0.631071,0.596143,0.496350,0.863629,1.000000],[0.345755,0.200103,0.485400,0.887428,0.208191,0.411252,0.056016,1.000000],[0.389117,0.917633,0.964284,0.921189,0.320358,0.220864,0.030797,1.000000],[0.294171,0.250645,1.369673,-0.099699,0.388753,0.915932,0.635521,1.000000],[0.262226,1.001464,0.043409,0.489317,0.633563,0.599305,0.013371,1.000000],[0.594871,0.746276,1.834972,0.301485,0.562799,0.769652,0.648737,1.000000],[2.069225,0.845918,1.217789,0.724412,0.247571,0.643379,0.704348,1.000000],[0.857912,0.539485,0.064189,0.344592,0.918301,0.194884,0.268799,1.000000],[0.524913,1.227172,1.707473,0.098635,0.412021,0.905820,0.799294,1.000000],[0.096218,1.209907,0.517763,-0.065060,0.971125,0.229529,0.400484,1.000000],[-0.125040,1.002933,0.688144,-0.030609,0.860998,0.507687,0.465305,1.000000],
[0.398339,0.857776,0.924148,0.485061,0.725275,0.488560,0.055059,1.000000],[0.232412,0.782133,0.467282,0.629613,0.472415,0.616775,0.049395,1.000000],[1.798324,1.386630,1.586443,0.480910,0.701789,0.525564,0.616050,1.000000],[0.646012,1.748745,2.311887,0.338907,0.577683,0.742580,0.871728,1.000000],[0.916277,0.767127,1.084284,0.467340,0.598852,0.650362,0.072160,1.000000],[1.778111,2.633013,1.832122,0.408324,0.675505,0.613974,0.913177,1.000000],[0.285848,0.427402,0.800049,0.481351,0.389460,0.785253,0.202169,1.000000],[0.827971,2.082735,1.653798,0.430946,0.632126,0.643974,0.590914,1.000000],[0.996646,1.423937,1.302816,0.465286,0.659993,0.589846,0.463223,1.000000],[1.728620,2.484231,1.531144,0.530847,0.624943,0.572405,0.863629,1.000000],[0.384722,0.225447,0.516657,0.695641,0.452452,0.558006,0.056016,1.000000],[0.411315,0.933561,0.978495,0.720788,0.517224,0.461459,0.030797,1.000000],[0.402254,0.596991,1.891448,0.170070,0.544979,0.821020,0.635521,1.000000],[0.268322,1.010008,0.051693,0.455903,0.638945,0.619597,0.013371,1.000000],[0.830599,1.139381,2.294058,0.363365,0.605955,0.707662,0.648737,1.000000],[2.486024,1.169884,1.684084,0.591751,0.459952,0.662023,0.704348,1.000000],[0.964699,0.757086,0.180373,0.397278,0.809532,0.432236,0.268799,1.000000],[0.739122,1.661567,2.343308,0.267998,0.543474,0.795495,0.799294,1.000000],[0.172712,1.556108,0.703992,0.191004,0.864455,0.465010,0.400484,1.000000],[-0.030806,1.365329,0.964365,0.202521,0.778835,0.593634,0.465305,1.000000],
[0.423273,0.895577,0.955469,0.452858,0.686536,0.568848,0.055059,1.000000],[0.258495,0.809908,0.498716,0.528058,0.562301,0.636374,0.049395,1.000000],[2.075532,1.801568,1.947691,0.449976,0.673546,0.586394,0.616050,1.000000],[0.976123,2.281521,2.917762,0.378687,0.611173,0.695028,0.871728,1.000000],[0.948187,0.811909,1.131012,0.442209,0.620585,0.647553,0.072160,1.000000],[2.154857,3.234561,2.406662,0.412565,0.658742,0.629166,0.913177,1.000000],[0.377628,0.532792,0.946138,0.453975,0.521293,0.722607,0.202169,1.000000],[1.078390,2.459088,2.034360,0.423782,0.636901,0.644023,0.590914,1.000000],[1.201042,1.725621,1.588796,0.441248,0.651271,0.617371,0.463223,1.000000],[2.138683,3.032422,2.057632,0.474814,0.634753,0.609623,0.863629,1.000000],[0.416356,0.256565,0.550845,0.564725,0.555512,0.610321,0.056016,1.000000],[0.429146,0.951730,0.995827,0.579009,0.589944,0.562774,0.030797,1.000000],[0.591080,0.978922,2.362999,0.297120,0.600973,0.741991,0.635521,1.000000],[0.274157,1.018571,0.060144,0.436362,0.640459,0.631981,0.013371,1.000000],[1.083849,1.544471,2.732951,0.390374,0.624429,0.676533,0.648737,1.000000],[2.844010,1.560974,2.147764,0.508253,0.555252,0.658312,0.704348,1.000000],[1.075100,0.953936,0.326368,0.410719,0.732333,0.543138,0.268799,1.000000],[1.014602,2.138460,2.922579,0.344655,0.596642,0.724728,0.799294,1.000000],[0.296445,1.862816,0.929842,0.308959,0.765842,0.563942,0.400484,1.000000],[0.114456,1.698615,1.254758,0.312187,0.716273,0.624093,0.465305,1.000000],
[0.447190,0.932168,0.988943,0.434388,0.664590,0.607970,0.055059,1.000000],[0.281840,0.839700,0.530455,0.472606,0.603132,0.642553,0.049395,1.000000],[2.342127,2.206800,2.327470,0.432749,0.657790,0.616474,0.616050,1.000000],[1.322218,2.827650,3.502459,0.397022,0.626490,0.670734,0.871728,1.000000],[0.979116,0.857437,1.177678,0.428615,0.630925,0.646701,0.072160,1.000000],[2.532693,3.828089,2.988777,0.413761,0.649959,0.637460,0.913177,1.000000],[0.465698,0.650611,1.084827,0.435624,0.582776,0.686006,0.202169,1.000000],[1.326186,2.836681,2.415411,0.419344,0.638999,0.644850,0.590914,1.000000],[1.399375,2.025004,1.881387,0.428157,0.646305,0.631642,0.463223,1.000000],[2.523110,3.583685,2.600016,0.445129,0.638310,0.628029,0.863629,1.000000],[0.443900,0.290210,0.586160,0.491721,0.600629,0.630440,0.056016,1.000000],[0.444521,0.970772,1.014520,0.499230,0.618333,0.606987,0.030797,1.000000],[0.818034,1.374824,2.805311,0.357115,0.622958,0.695983,0.635521,1.000000],[0.279848,1.027140,0.068686,0.425663,0.640822,0.638873,0.013371,1.000000],[1.345113,1.955057,3.161927,0.402727,0.632899,0.661248,0.648737,1.000000],[3.169781,1.983149,2.607925,0.462514,0.599384,0.653314,0.704348,1.000000],[1.186325,1.138958,0.486520,0.413784,0.688331,0.595805,0.268799,1.000000],[1.318655,2.633927,3.471154,0.380402,0.619882,0.686325,0.799294,1.000000],[0.442001,2.145727,1.173075,0.363451,0.706422,0.607348,0.400484,1.000000],[0.283967,2.015066,1.550787,0.364301,0.680095,0.636204,0.465305,1.000000],
[0.470562,0.968119,1.023481,0.424476,0.652938,0.627289,0.055059,1.000000],[0.303757,0.870443,0.562304,0.443725,0.622388,0.644780,0.049395,1.000000],[2.603091,2.606902,2.716488,0.423608,0.649463,0.631470,0.616050,1.000000],[1.675896,3.380132,4.076554,0.405720,0.633778,0.658572,0.871728,1.000000],[1.009530,0.903326,1.224329,0.421477,0.635932,0.646489,0.072160,1.000000],[2.910787,4.417487,3.574906,0.414042,0.645437,0.641857,0.913177,1.000000],[0.551671,0.774389,1.219587,0.425253,0.612248,0.666568,0.202169,1.000000],[1.572495,3.214835,2.796871,0.416827,0.639947,0.645541,0.590914,1.000000],[1.594510,2.323149,2.177373,0.421255,0.643632,0.638969,0.463223,1.000000],[2.894286,4.136151,3.150347,0.429787,0.639703,0.637231,0.863629,1.000000],[0.469301,0.325017,0.621952,0.453460,0.621371,0.638962,0.056016,1.000000],[0.458604,0.990184,1.033839,0.457298,0.630342,0.627334,0.030797,1.000000],[1.063348,1.776730,3.232136,0.386004,0.632404,0.671615,0.635521,1.000000],[0.285464,1.035709,0.077278,0.419995,0.640871,0.642565,0.013371,1.000000],[1.610148,2.368256,3.586054,0.408539,0.636928,0.653772,0.648737,1.000000],[3.478733,2.420165,3.065824,0.438635,0.620455,0.650104,0.704348,1.000000],[1.297686,1.317711,0.653548,0.414294,0.665009,0.621389,0.268799,1.000000],[1.636385,3.137993,4.003917,0.397513,0.630638,0.666543,0.799294,1.000000],[0.597905,2.415799,1.424357,0.389288,0.674364,0.627446,0.400484,1.000000],[0.465206,2.322556,1.849302,0.389506,0.660835,0.641547,0.465305,1.000000],
[0.493649,1.003738,1.058549,0.419316,0.646929,0.636911,0.055059,1.000000],[0.324947,0.901645,0.594198,0.428974,0.631700,0.645706,0.049395,1.000000],[2.861137,3.004361,3.110134,0.418870,0.645173,0.638983,0.616050,1.000000],[2.033234,3.935701,4.645378,0.409920,0.637320,0.652525,0.871728,1.000000],[1.039678,0.949392,1.270978,0.417788,0.638382,0.646468,0.072160,1.000000],[3.288906,5.004781,4.163128,0.414069,0.643132,0.644149,0.913177,1.000000],[0.636530,0.901076,1.352333,0.419743,0.626639,0.656612,0.202169,1.000000],[1.817996,3.593247,3.178594,0.415460,0.640384,0.645989,0.590914,1.000000],[1.787988,2.620647,2.475091,0.417679,0.642235,0.642711,0.463223,1.000000],[3.258701,4.689122,3.704675,0.421957,0.640288,0.641859,0.863629,1.000000],[0.493606,0.360377,0.657962,0.433883,0.631252,0.642858,0.056016,1.000000],[0.472026,1.009764,1.053459,0.435822,0.635767,0.637071,0.030797,1.000000],[1.317634,2.181385,3.651039,0.400122,0.636731,0.659148,0.635521,1.000000],[0.291041,1.044278,0.085896,0.417046,0.640849,0.644504,0.013371,1.000000],[1.876986,2.782723,4.007806,0.411320,0.638882,0.650112,0.648737,1.000000],[3.779079,2.864411,3.522490,0.426418,0.630719,0.648353,0.704348,1.000000],[1.409037,1.493240,0.823969,0.414255,0.653014,0.634008,0.268799,1.000000],[1.960772,3.646177,4.528696,0.405842,0.635791,0.656553,0.799294,1.000000],[0.758818,2.679223,1.679509,0.401795,0.657765,0.637108,0.400484,1.000000],[0.652188,2.625428,2.148993,0.401850,0.650911,0.644074,0.465305,1.000000],
[0.516590,1.039189,1.093882,0.416671,0.643874,0.641725,0.055059,1.000000],[0.345767,0.933074,0.626114,0.421507,0.636271,0.646135,0.049395,1.000000],[3.117688,3.400476,3.506104,0.416445,0.642991,0.642757,0.616050,1.000000],[2.392357,4.492789,5.211587,0.411968,0.639062,0.649525,0.871728,1.000000],[1.069689,0.995545,1.317630,0.415900,0.639590,0.646493,0.072160,1.000000],[3.666997,5.591008,4.752431,0.414039,0.641964,0.645332,0.913177,1.000000],[0.720813,1.029199,1.484065,0.416893,0.633743,0.651590,0.202169,1.000000],[2.063068,3.971780,3.560473,0.414734,0.640589,0.646252,0.590914,1.000000],[1.980617,2.917812,2.773692,0.415846,0.641517,0.644615,0.463223,1.000000],[3.619687,5.242318,4.261020,0.417987,0.640548,0.644194,0.863629,1.000000],[0.517355,0.396007,0.694077,0.423972,0.636063,0.644726,0.056016,1.000000],[0.485113,1.029422,1.073225,0.424947,0.638327,0.641840,0.030797,1.000000],[1.576344,2.587351,4.065945,0.407084,0.638792,0.652861,0.635521,1.000000],[0.296597,1.052847,0.094527,0.415528,0.640823,0.645510,0.013371,1.000000],[2.144698,3.197811,4.428392,0.412666,0.639840,0.648315,0.648737,1.000000],[4.075065,3.312219,3.978523,0.420227,0.635777,0.647454,0.704348,1.000000],[1.520360,1.667134,0.996076,0.414148,0.646928,0.640285,0.268799,1.000000],[2.288431,4.156372,5.049475,0.409935,0.638308,0.651549,0.799294,1.000000],[0.922187,2.939266,1.936561,0.407929,0.649322,0.641853,0.400484,1.000000],[0.842006,2.925956,2.449261,0.407943,0.645873,0.645315,0.465305,1.000000],
[0.539458,1.074556,1.129347,0.415326,0.642332,0.644138,0.055059,1.000000],[0.366402,0.964615,0.658041,0.417746,0.638533,0.646346,0.049395,1.000000],[3.373479,3.795912,3.903243,0.415212,0.641889,0.644653,0.616050,1.000000],[2.752357,5.050629,5.776498,0.412973,0.639924,0.648036,0.871728,1.000000],[1.099631,1.041741,1.364283,0.414938,0.640187,0.646519,0.072160,1.000000],[4.045060,6.176696,5.342288,0.414008,0.641374,0.645939,0.913177,1.000000],[0.804802,1.158036,1.615288,0.415439,0.637270,0.649074,0.202169,1.000000],[2.307916,4.350370,3.942439,0.414355,0.640686,0.646398,0.590914,1.000000],[2.172814,3.214808,3.072739,0.414911,0.641151,0.645581,0.463223,1.000000],[3.978941,5.795617,4.818381,0.415983,0.640667,0.645371,0.863629,1.000000],[0.540824,0.431769,0.730244,0.418981,0.638433,0.645646,0.056016,1.000000],[0.498031,1.049119,1.093065,0.419469,0.639567,0.644204,0.030797,1.000000],[1.837248,2.993954,4.478850,0.410535,0.639795,0.649711,0.635521,1.000000],[0.302142,1.061415,0.103165,0.414752,0.640803,0.646028,0.013371,1.000000],[2.412835,3.613206,4.848404,0.413321,0.640312,0.647430,0.648737,1.000000],[4.368852,3.761793,4.434240,0.417105,0.638285,0.647005,0.704348,1.000000],[1.631660,1.840203,1.169027,0.414066,0.643862,0.643421,0.268799,1.000000],[2.617707,4.667560,5.568258,0.411958,0.639549,0.649051,0.799294,1.000000],[1.086769,3.197604,2.194557,0.410959,0.645063,0.644210,0.400484,1.000000],[1.033229,3.225302,2.749817,0.410963,0.643333,0.645935,0.465305,1.000000],
[0.562288,1.109879,1.164880,0.414645,0.641556,0.645349,0.055059,1.000000],[0.386943,0.996210,0.689972,0.415856,0.639658,0.646454,0.049395,1.000000],[3.628886,4.191006,4.300969,0.414588,0.641335,0.645606,0.616050,1.000000],[3.112789,5.608841,6.340765,0.413468,0.640352,0.647297,0.871728,1.000000],[1.129538,1.087959,1.410937,0.414451,0.640483,0.646539,0.072160,1.000000],[4.423102,6.762112,5.932427,0.413986,0.641076,0.646248,0.913177,1.000000],[0.888642,1.287227,1.746256,0.414702,0.639026,0.647818,0.202169,1.000000],[2.552649,4.728988,4.324452,0.414159,0.640733,0.646478,0.590914,1.000000],[2.364790,3.511717,3.372013,0.414437,0.640965,0.646069,0.463223,1.000000],[4.337324,6.348964,5.376255,0.414973,0.640723,0.645965,0.863629,1.000000],[0.564154,0.467597,0.766436,0.416474,0.639608,0.646104,0.056016,1.000000],[0.510864,1.068834,1.112940,0.416718,0.640176,0.645384,0.030797,1.000000],[2.099241,3.400870,4.890754,0.412250,0.640289,0.648136,0.635521,1.000000],[0.307683,1.069983,0.111807,0.414358,0.640791,0.646293,0.013371,1.000000],[2.681180,4.028751,5.268134,0.413642,0.640545,0.646994,0.648737,1.000000],[4.661534,4.212247,4.889800,0.415535,0.639533,0.646783,0.704348,1.000000],[1.742947,2.012858,1.342400,0.414016,0.642322,0.644991,0.268799,1.000000],[2.947784,5.179240,6.086044,0.412961,0.640165,0.647805,0.799294,1.000000],[1.251954,3.455085,2.453024,0.412463,0.642924,0.645386,0.400484,1.000000],[1.225150,3.524054,3.050520,0.412464,0.642057,0.646248,0.465305,1.000000],
[0.585099,1.145181,1.200446,0.414302,0.641167,0.645956,0.055059,1.000000],[0.407437,1.027834,0.721907,0.414907,0.640218,0.646509,0.049395,1.000000],[3.884099,4.585929,4.698990,0.414273,0.641056,0.646085,0.616050,1.000000],[3.473434,6.167239,6.904712,0.413713,0.640564,0.646930,0.871728,1.000000],[1.159428,1.134187,1.457593,0.414204,0.640630,0.646551,0.072160,1.000000],[4.801132,7.347392,6.522710,0.413972,0.640927,0.646406,0.913177,1.000000],[0.972407,1.416595,1.877098,0.414330,0.639902,0.647191,0.202169,1.000000],[2.797322,5.107619,4.706490,0.414059,0.640755,0.646521,0.590914,1.000000],[2.556656,3.808583,3.671402,0.414198,0.640871,0.646316,0.463223,1.000000],[4.695269,6.902335,5.934387,0.414466,0.640750,0.646264,0.863629,1.000000],[0.587412,0.503459,0.802641,0.415216,0.640193,0.646334,0.056016,1.000000],[0.523655,1.088558,1.132834,0.415339,0.640477,0.645974,0.030797,1.000000],[2.361778,3.807943,5.302158,0.413104,0.640533,0.647350,0.635521,1.000000],[0.313221,1.078551,0.120451,0.414158,0.640784,0.646428,0.013371,1.000000],[2.949628,4.444372,5.687723,0.413800,0.640661,0.646779,0.648737,1.000000],[4.953660,4.663139,5.345283,0.414747,0.640156,0.646673,0.704348,1.000000],[1.854226,2.185306,1.515984,0.413987,0.641550,0.645777,0.268799,1.000000],[3.278260,5.691165,6.603335,0.413460,0.640471,0.647184,0.799294,1.000000],[1.417439,3.712136,2.711727,0.413211,0.641851,0.645975,0.400484,1.000000],[1.417419,3.822509,3.351295,0.413211,0.641418,0.646406,0.465305,1.000000],
[0.607901,1.180473,1.236028,0.414129,0.640972,0.646261,0.055059,1.000000],[0.427908,1.059471,0.753842,0.414431,0.640497,0.646537,0.049395,1.000000],[4.139214,4.980766,5.097158,0.414114,0.640916,0.646325,0.616050,1.000000],[3.834185,6.725729,7.468499,0.413834,0.640670,0.646748,0.871728,1.000000],[1.189308,1.180420,1.504249,0.414080,0.640703,0.646558,0.072160,1.000000],[5.179154,7.932603,7.113066,0.413964,0.640852,0.646485,0.913177,1.000000],[1.056133,1.546052,2.007877,0.414143,0.640339,0.646878,0.202169,1.000000],[3.041964,5.486256,5.088541,0.414007,0.640766,0.646543,0.590914,1.000000],[2.748466,4.105427,3.970848,0.414077,0.640824,0.646441,0.463223,1.000000],[5.052993,7.455716,6.492649,0.414211,0.640763,0.646415,0.863629,1.000000],[0.610636,0.539336,0.838853,0.414586,0.640485,0.646450,0.056016,1.000000],[0.536425,1.108287,1.152737,0.414647,0.640627,0.646270,0.030797,1.000000],[2.624585,4.215092,5.713313,0.413530,0.640655,0.646958,0.635521,1.000000],[0.318757,1.087119,0.129095,0.414057,0.640780,0.646497,0.013371,1.000000],[3.218126,4.860031,6.107243,0.413878,0.640719,0.646672,0.648737,1.000000],[5.245507,5.114250,5.800727,0.414351,0.640466,0.646619,0.704348,1.000000],[1.965501,2.357650,1.689674,0.413971,0.641163,0.646171,0.268799,1.000000],[3.608934,6.203212,7.120378,0.413708,0.640624,0.646875,0.799294,1.000000],[1.583072,3.968972,2.970548,0.413583,0.641314,0.646270,0.400484,1.000000],[1.609862,4.120814,3.652108,0.413583,0.641097,0.646485,0.465305,1.000000],
[0.630697,1.215759,1.271619,0.414042,0.640874,0.646413,0.055059,1.000000],[0.448367,1.091116,0.785779,0.414193,0.640637,0.646552,0.049395,1.000000],[4.394280,5.375559,5.495401,0.414034,0.640846,0.646446,0.616050,1.000000],[4.194988,7.284265,8.032208,0.413894,0.640723,0.646657,0.871728,1.000000],[1.219183,1.226656,1.550905,0.414017,0.640740,0.646562,0.072160,1.000000],[5.557172,8.517780,7.703459,0.413959,0.640814,0.646526,0.913177,1.000000],[1.139841,1.675553,2.138624,0.414049,0.640558,0.646722,0.202169,1.000000],[3.286591,5.864896,5.470599,0.413981,0.640771,0.646554,0.590914,1.000000],[2.940247,4.402260,4.270323,0.414016,0.640800,0.646503,0.463223,1.000000],[5.410607,8.009104,7.050977,0.414083,0.640770,0.646490,0.863629,1.000000],[0.633842,0.575222,0.875068,0.414270,0.640631,0.646508,0.056016,1.000000],[0.549184,1.128019,1.172644,0.414301,0.640702,0.646418,0.030797,1.000000],[2.887526,4.622280,6.124344,0.413742,0.640716,0.646762,0.635521,1.000000],[0.324293,1.095687,0.137740,0.414006,0.640778,0.646531,0.013371,1.000000],[3.486649,5.275708,6.526729,0.413916,0.640747,0.646619,0.648737,1.000000],[5.537214,5.565470,6.256154,0.414153,0.640621,0.646593,0.704348,1.000000],[2.076774,2.529942,1.863417,0.413963,0.640970,0.646369,0.268799,1.000000],[3.939707,6.715319,7.637298,0.413831,0.640700,0.646720,0.799294,1.000000],[1.748780,4.225700,3.229428,0.413769,0.641045,0.646418,0.400484,1.000000],[1.802390,4.419045,3.952940,0.413769,0.640937,0.646526,0.465305,1.000000],
[0.653492,1.251042,1.307215,0.413998,0.640825,0.646490,0.055059,1.000000],[0.468820,1.122763,0.817716,0.414074,0.640706,0.646559,0.049395,1.000000],[4.649322,5.770331,5.893682,0.413994,0.640811,0.646506,0.616050,1.000000],[4.555817,7.842824,8.595877,0.413924,0.640750,0.646612,0.871728,1.000000],[1.249057,1.272894,1.597561,0.413986,0.640758,0.646564,0.072160,1.000000],[5.935188,9.102939,8.293870,0.413957,0.640795,0.646546,0.913177,1.000000],[1.223540,1.805076,2.269356,0.414001,0.640667,0.646644,0.202169,1.000000],[3.531210,6.243538,5.852660,0.413967,0.640773,0.646560,0.590914,1.000000],[3.132014,4.699088,4.569813,0.413985,0.640788,0.646535,0.463223,1.000000],[5.768165,8.562494,7.609338,0.414018,0.640773,0.646528,0.863629,1.000000],[0.657039,0.611111,0.911284,0.414112,0.640703,0.646537,0.056016,1.000000],[0.561938,1.147751,1.192554,0.414127,0.640739,0.646492,0.030797,1.000000],[3.150536,5.029487,6.535312,0.413848,0.640746,0.646664,0.635521,1.000000],[0.329828,1.104255,0.146385,0.413980,0.640777,0.646549,0.013371,1.000000],[3.755184,5.691394,6.946198,0.413935,0.640762,0.646593,0.648737,1.000000],[5.828852,6.016745,6.711570,0.414053,0.640698,0.646580,0.704348,1.000000],[2.188045,2.702207,2.037186,0.413959,0.640873,0.646468,0.268799,1.000000],[4.270528,7.227457,8.154156,0.413893,0.640738,0.646643,0.799294,1.000000],[1.914525,4.482375,3.488338,0.413862,0.640910,0.646492,0.400484,1.000000],[1.994962,4.717239,4.253781,0.413862,0.640856,0.646546,0.465305,1.000000],
[0.676285,1.286324,1.342812,0.413976,0.640800,0.646528,0.055059,1.000000],[0.489271,1.154413,0.849653,0.414014,0.640741,0.646563,0.049395,1.000000],[4.904351,6.165092,6.291981,0.413974,0.640793,0.646536,0.616050,1.000000],[4.916659,8.401394,9.159527,0.413939,0.640763,0.646589,0.871728,1.000000],[1.278929,1.319132,1.644218,0.413970,0.640767,0.646565,0.072160,1.000000],[6.313202,9.688090,8.884291,0.413955,0.640785,0.646556,0.913177,1.000000],[1.307233,1.934610,2.400080,0.413978,0.640721,0.646605,0.202169,1.000000],[3.775825,6.622181,6.234724,0.413961,0.640775,0.646564,0.590914,1.000000],[3.323774,4.995913,4.869310,0.413969,0.640782,0.646551,0.463223,1.000000],[6.125696,9.115885,8.167715,0.413986,0.640774,0.646548,0.863629,1.000000],[0.680231,0.647003,0.947501,0.414033,0.640740,0.646552,0.056016,1.000000],[0.574689,1.167484,1.212465,0.414041,0.640757,0.646529,0.030797,1.000000],[3.413578,5.436704,6.946250,0.413901,0.640761,0.646615,0.635521,1.000000],[0.335364,1.112823,0.155030,0.413967,0.640776,0.646558,0.013371,1.000000],[4.023726,6.107084,7.365659,0.413945,0.640769,0.646580,0.648737,1.000000],[6.120455,6.468047,7.166983,0.414004,0.640737,0.646573,0.704348,1.000000],[2.299316,2.874460,2.210969,0.413956,0.640824,0.646517,0.268799,1.000000],[4.601375,7.739610,8.670984,0.413923,0.640757,0.646605,0.799294,1.000000],[2.080289,4.739023,3.747263,0.413908,0.640843,0.646530,0.400484,1.000000],[2.187555,5.015413,4.554627,0.413908,0.640816,0.646556,0.465305,1.000000],
[0.699078,1.321605,1.378410,0.413965,0.640788,0.646548,0.055059,1.000000],[0.509719,1.186063,0.881590,0.413984,0.640758,0.646565,0.049395,1.000000],[5.159373,6.559848,6.690289,0.413964,0.640785,0.646552,0.616050,1.000000],[5.277508,8.959971,9.723167,0.413946,0.640769,0.646578,0.871728,1.000000],[1.308801,1.365370,1.690874,0.413962,0.640771,0.646566,0.072160,1.000000],[6.691216,10.273236,9.474716,0.413955,0.640781,0.646562,0.913177,1.000000],[1.390924,2.064150,2.530799,0.413966,0.640749,0.646586,0.202169,1.000000],[4.020438,7.000824,6.616788,0.413957,0.640775,0.646565,0.590914,1.000000],[3.515531,5.292736,5.168810,0.413962,0.640779,0.646559,0.463223,1.000000],[6.483212,9.669277,8.726101,0.413970,0.640775,0.646557,0.863629,1.000000],[0.703421,0.682896,0.983719,0.413993,0.640758,0.646559,0.056016,1.000000],[0.587439,1.187218,1.232376,0.413997,0.640767,0.646548,0.030797,1.000000],[3.676638,5.843926,7.357172,0.413927,0.640768,0.646591,0.635521,1.000000],[0.340899,1.121391,0.163676,0.413960,0.640776,0.646562,0.013371,1.000000],[4.292270,6.522777,7.785115,0.413949,0.640772,0.646573,0.648737,1.000000],[6.412040,6.919362,7.622393,0.413979,0.640756,0.646570,0.704348,1.000000],[2.410586,3.046706,2.384759,0.413955,0.640800,0.646542,0.268799,1.000000],[4.932233,8.251771,9.187796,0.413939,0.640766,0.646586,0.799294,1.000000],[2.246061,4.995657,4.006195,0.413931,0.640809,0.646548,0.400484,1.000000],[2.380159,5.313579,4.855475,0.413931,0.640796,0.646562,0.465305,1.000000],
[0.721870,1.356886,1.414009,0.413959,0.640782,0.646557,0.055059,1.000000],[0.530167,1.217714,0.913527,0.413969,0.640767,0.646566,0.049395,1.000000],[5.414393,6.954601,7.088602,0.413959,0.640780,0.646559,0.616050,1.000000],[5.638359,9.518550,10.286802,0.413950,0.640773,0.646572,0.871728,1.000000],[1.338672,1.411609,1.737531,0.413958,0.640774,0.646566,0.072160,1.000000],[7.069230,10.858380,10.065144,0.413954,0.640778,0.646564,0.913177,1.000000],[1.474614,2.193692,2.661517,0.413960,0.640762,0.646576,0.202169,1.000000],[4.265050,7.379467,6.998853,0.413956,0.640776,0.646566,0.590914,1.000000],[3.707286,5.589559,5.468313,0.413958,0.640777,0.646563,0.463223,1.000000],[6.840722,10.222669,9.284490,0.413962,0.640775,0.646562,0.863629,1.000000],[0.726611,0.718789,1.019937,0.413974,0.640767,0.646563,0.056016,1.000000],[0.600188,1.206951,1.252288,0.413976,0.640771,0.646557,0.030797,1.000000],[3.939706,6.251150,7.768086,0.413941,0.640772,0.646579,0.635521,1.000000],[0.346434,1.129959,0.172321,0.413957,0.640776,0.646565,0.013371,1.000000],[4.560816,6.938472,8.204569,0.413952,0.640774,0.646570,0.648737,1.000000],[6.703616,7.370684,8.077802,0.413966,0.640766,0.646568,0.704348,1.000000],[2.521857,3.218949,2.558552,0.413954,0.640788,0.646554,0.268799,1.000000],[5.263098,8.763935,9.704600,0.413946,0.640771,0.646576,0.799294,1.000000],[2.411839,5.252284,4.265131,0.413942,0.640793,0.646557,0.400484,1.000000],[2.572769,5.611740,5.156324,0.413942,0.640786,0.646564,0.465305,1.000000],
[0.744662,1.392167,1.449608,0.413957,0.640779,0.646562,0.055059,1.000000],[0.550615,1.249365,0.945464,0.413961,0.640771,0.646566,0.049395,1.000000],[5.669411,7.349353,7.486918,0.413956,0.640778,0.646563,0.616050,1.000000],[5.999213,10.077130,10.850434,0.413952,0.640774,0.646570,0.871728,1.000000],[1.368544,1.457847,1.784188,0.413956,0.640775,0.646567,0.072160,1.000000],[7.447243,11.443523,10.655573,0.413954,0.640777,0.646565,0.913177,1.000000],[1.558304,2.323236,2.792234,0.413957,0.640769,0.646572,0.202169,1.000000],[4.509662,7.758110,7.380918,0.413955,0.640776,0.646566,0.590914,1.000000],[3.899039,5.886381,5.767817,0.413956,0.640777,0.646565,0.463223,1.000000],[7.198228,10.776062,9.842882,0.413958,0.640776,0.646564,0.863629,1.000000],[0.749799,0.754682,1.056155,0.413964,0.640771,0.646565,0.056016,1.000000],[0.612936,1.226685,1.272200,0.413965,0.640773,0.646562,0.030797,1.000000],[4.202778,6.658375,8.178997,0.413947,0.640774,0.646573,0.635521,1.000000],[0.351969,1.138527,0.180967,0.413955,0.640776,0.646566,0.013371,1.000000],[4.829362,7.354166,8.624022,0.413953,0.640775,0.646568,0.648737,1.000000],[6.995188,7.822010,8.533210,0.413960,0.640771,0.646568,0.704348,1.000000],[2.633127,3.391190,2.732346,0.413954,0.640782,0.646561,0.268799,1.000000],[5.593966,9.276102,10.221401,0.413950,0.640773,0.646572,0.799294,1.000000],[2.577618,5.508908,4.524069,0.413948,0.640784,0.646562,0.400484,1.000000],[2.765381,5.909898,5.457174,0.413948,0.640781,0.646565,0.465305,1.000000],
[0.767454,1.427448,1.485208,0.413955,0.640777,0.646564,0.055059,1.000000],[0.571062,1.281016,0.977401,0.413958,0.640774,0.646567,0.049395,1.000000],[5.924428,7.744104,7.885234,0.413955,0.640777,0.646565,0.616050,1.000000],[6.360067,10.635711,11.414066,0.413953,0.640775,0.646568,0.871728,1.000000],[1.398415,1.504086,1.830844,0.413955,0.640775,0.646567,0.072160,1.000000],[7.825257,12.028666,11.246002,0.413954,0.640776,0.646566,0.913177,1.000000],[1.641993,2.452780,2.922950,0.413955,0.640772,0.646569,0.202169,1.000000],[4.754273,8.136753,7.762983,0.413954,0.640776,0.646567,0.590914,1.000000],[4.090793,6.183203,6.067321,0.413955,0.640776,0.646566,0.463223,1.000000],[7.555732,11.329454,10.401275,0.413956,0.640776,0.646566,0.863629,1.000000],[0.772988,0.790576,1.092373,0.413959,0.640774,0.646566,0.056016,1.000000],[0.625685,1.246419,1.292112,0.413959,0.640775,0.646564,0.030797,1.000000],[4.465852,7.065601,8.589905,0.413951,0.640775,0.646570,0.635521,1.000000],[0.357504,1.147095,0.189612,0.413955,0.640776,0.646566,0.013371,1.000000],[5.097909,7.769861,9.043475,0.413953,0.640775,0.646568,0.648737,1.000000],[7.286758,8.273337,8.988619,0.413957,0.640773,0.646567,0.704348,1.000000],[2.744397,3.563431,2.906142,0.413954,0.640779,0.646564,0.268799,1.000000],[5.924835,9.788269,10.738200,0.413952,0.640775,0.646569,0.799294,1.000000],[2.743399,5.765530,4.783008,0.413951,0.640780,0.646564,0.400484,1.000000],[2.957994,6.208055,5.758025,0.413951,0.640778,0.646566,0.465305,1.000000],
[0.790246,1.462729,1.520807,0.413954,0.640777,0.646566,0.055059,1.000000],[0.591510,1.312667,1.009338,0.413956,0.640775,0.646567,0.049395,1.000000],[6.179445,8.138854,8.283551,0.413954,0.640776,0.646566,0.616050,1.000000],[6.720921,11.194293,11.977696,0.413953,0.640775,0.646568,0.871728,1.000000],[1.428286,1.550325,1.877501,0.413954,0.640776,0.646567,0.072160,1.000000],[8.203270,12.613808,11.836432,0.413954,0.640776,0.646566,0.913177,1.000000],[1.725681,2.582325,3.053667,0.413955,0.640774,0.646568,0.202169,1.000000],[4.998884,8.515397,8.145048,0.413954,0.640776,0.646567,0.590914,1.000000],[4.282546,6.480025,6.366825,0.413954,0.640776,0.646566,0.463223,1.000000],[7.913235,11.882847,10.959668,0.413955,0.640776,0.646566,0.863629,1.000000],[0.796176,0.826470,1.128591,0.413956,0.640775,0.646566,0.056016,1.000000],[0.638433,1.266152,1.312024,0.413957,0.640775,0.646566,0.030797,1.000000],[4.728927,7.472827,9.000813,0.413952,0.640775,0.646568,0.635521,1.000000],[0.363039,1.155663,0.198257,0.413954,0.640776,0.646567,0.013371,1.000000],[5.366456,8.185556,9.462927,0.413954,0.640776,0.646567,0.648737,1.000000],[7.578326,8.724666,9.444027,0.413955,0.640775,0.646567,0.704348,1.000000],[2.855667,3.735671,3.079938,0.413954,0.640777,0.646565,0.268799,1.000000],[6.255705,10.300437,11.254998,0.413953,0.640775,0.646568,0.799294,1.000000],[2.909181,6.022152,5.041948,0.413952,0.640778,0.646566,0.400484,1.000000],[3.150608,6.506212,6.058875,0.413952,0.640777,0.646566,0.465305,1.000000],
